epoch,loss,lr,score,real:output/self_numbers_val.npz,synthetic:m01_mnist_random_concat/val.npz,synthetic:m03_qmnist_same_writer/val.npz
1,1.9992081053448634,0.0006971461822730641,0.6277372262773723,0.6277372262773723,0.7685454545454545,0.8107272727272727
2,1.1730078470307377,0.0006951232653819353,0.7688564476885644,0.7688564476885644,0.8683636363636363,0.8972727272727272
3,0.9737612243469266,0.0006890782315595265,0.8029197080291971,0.8029197080291971,0.887090909090909,0.9125454545454545
4,0.87530344113884,0.0006790819533003787,0.8126520681265207,0.8126520681265207,0.9065454545454545,0.9290909090909091
5,0.8170079153897148,0.0006652516278273958,0.829683698296837,0.829683698296837,0.914,0.9396363636363636
6,0.7723513165894029,0.0006477494030615613,0.8321167883211679,0.8321167883211679,0.9176363636363636,0.9383636363636364
7,0.7446217771624697,0.0006267804765858182,0.8394160583941606,0.8394160583941606,0.9236363636363636,0.9396363636363636
8,0.7154413741465353,0.0006025906898910219,0.8394160583941606,0.8394160583941606,0.9212727272727272,0.9441818181818182
9,0.7008353746037078,0.0005754636461092363,0.8369829683698297,0.8369829683698297,0.9256363636363636,0.9425454545454546
10,0.6819198527163738,0.0005457173850263099,0.8418491484184915,0.8418491484184915,0.924,0.9465454545454546
11,0.6612048787236613,0.0005137006543561745,0.8442822384428224,0.8442822384428224,0.9345454545454546,0.9469090909090909
12,0.6516658103164279,0.0004797888209927612,0.8540145985401459,0.8540145985401459,0.9327272727272727,0.9523636363636364
13,0.6355620047698485,0.0004443794701763711,0.851581508515815,0.851581508515815,0.9376363636363636,0.9523636363636364
14,0.6285240503741414,0.00040788774417024805,0.8540145985401459,0.8540145985401459,0.9383636363636364,0.9527272727272728
15,0.6229730835571026,0.00037074147509711075,0.8613138686131386,0.8613138686131386,0.9350909090909091,0.9523636363636364
16,0.6118027212228077,0.00033337616899868405,0.8588807785888077,0.8588807785888077,0.9414545454545454,0.954
17,0.6055436067965065,0.0002962298999255468,0.851581508515815,0.851581508515815,0.9421818181818182,0.9569090909090909
18,0.5992890940824128,0.00025973817391942386,0.8637469586374696,0.8637469586374696,0.938,0.9541818181818181
19,0.5929551495792417,0.0002243288231030336,0.8540145985401459,0.8540145985401459,0.9405454545454546,0.9574545454545454
20,0.5850809805519772,0.00019041698973962026,0.8661800486618005,0.8661800486618005,0.94,0.9530909090909091
21,0.5855397203829827,0.00015840025906948478,0.8661800486618005,0.8661800486618005,0.9434545454545454,0.9570909090909091
22,0.5815897879576862,0.00012865399798655847,0.8686131386861314,0.8686131386861314,0.944,0.9563636363636364
23,0.5764015507887911,0.00010152695420477291,0.8613138686131386,0.8613138686131386,0.9452727272727273,0.9585454545454546
24,0.5733906506629298,7.733716750997655e-05,0.8564476885644768,0.8564476885644768,0.9430909090909091,0.9561818181818181
25,0.5690250362159082,5.636824103423341e-05,0.8710462287104623,0.8710462287104623,0.9432727272727273,0.958
26,0.5692220307911026,3.8866016268399e-05,0.8637469586374696,0.8637469586374696,0.9447272727272727,0.9569090909090909
27,0.5712438109496756,2.5035690795416065e-05,0.8734793187347932,0.8734793187347932,0.9450909090909091,0.9594545454545454
28,0.5709251972931992,1.5039412536268183e-05,0.8686131386861314,0.8686131386861314,0.9458181818181818,0.9583636363636364
29,0.5637457676351854,8.994378713859511e-06,0.8637469586374696,0.8637469586374696,0.9452727272727273,0.9570909090909091
30,0.5683302668628124,6.971461822730641e-06,0.8637469586374696,0.8637469586374696,0.9443636363636364,0.958
