epoch,loss,lr,score,real:output/v5_new_val.npz
1,2.93189540830057,0.00041706377726327497,0.38018433179723504,0.38018433179723504
2,2.4592498428196317,0.0004142481151349698,0.5610599078341014,0.5610599078341014
3,2.259669298534778,0.0004058779326730311,0.6290322580645161,0.6290322580645161
4,2.1460327520837703,0.00039218154663558344,0.6589861751152074,0.6589861751152074
5,2.024631663633011,0.00037353255872991464,0.6866359447004609,0.6866359447004609
6,1.945198973867323,0.00035043966473180814,0.7200460829493087,0.7200460829493087
7,1.8586750992436918,0.0003235327785908504,0.7557603686635944,0.7557603686635944
8,1.787215469687404,0.00029354585001994954,0.771889400921659,0.771889400921659
9,1.7422541677436498,0.000261296844260431,0.7776497695852534,0.7776497695852534
10,1.7141259985629695,0.00022766543012253071,0.7926267281105991,0.7926267281105991
11,1.6721873101995726,0.00019356898491337707,0.8018433179723502,0.8018433179723502
12,1.5954802596259874,0.00015993757077547674,0.8076036866359447,0.8076036866359447
13,1.6201928740619582,0.00012768856501595827,0.8099078341013825,0.8099078341013825
14,1.5767234384498265,9.770163644505739e-05,0.7983870967741935,0.7983870967741935
15,1.5760252644761494,7.079475030409965e-05,0.8064516129032258,0.8064516129032258
16,1.5803853289194685,4.770185630599308e-05,0.8076036866359447,0.8076036866359447
17,1.5587528535199784,2.905286840032425e-05,0.8133640552995391,0.8133640552995391
18,1.5262983424519256,1.5356482362876557e-05,0.8133640552995391,0.8133640552995391
19,1.564220535308552,6.986299900937911e-06,0.815668202764977,0.815668202764977
20,1.5139882013502313,4.1706377726327494e-06,0.8168202764976958,0.8168202764976958
