id,label
0,14
1,18
2,11
3,18
4,12
5,11
6,10
7,13
8,14
9,17
10,20
11,10
12,20
13,14
14,17
15,12
16,10
17,14
18,12
19,15
20,17
21,16
22,15
23,20
24,11
25,15
26,18
27,17
28,18
29,15
30,18
31,11
32,16
33,18
34,13
35,17
36,18
37,11
38,19
39,17
40,12
41,14
42,18
43,12
44,13
45,13
46,11
47,20
48,16
49,20
50,20
51,10
52,19
53,18
54,19
55,13
56,15
57,19
58,15
59,20
60,10
61,13
62,20
63,13
64,17
65,15
66,11
67,20
68,19
69,18
70,20
71,12
72,20
73,12
74,10
75,15
76,17
77,18
78,13
79,20
80,17
81,18
82,18
83,11
84,11
85,12
86,15
87,19
88,18
89,18
90,16
91,18
92,15
93,13
94,13
95,16
96,12
97,14
98,11
99,16
100,17
101,19
102,16
103,13
104,14
105,11
106,12
107,15
108,13
109,18
110,18
111,12
112,18
113,14
114,17
115,13
116,12
117,20
118,13
119,12
120,16
121,10
122,15
123,15
124,15
125,18
126,16
127,19
128,16
129,16
130,11
131,18
132,13
133,19
134,15
135,19
136,19
137,14
138,17
139,17
140,11
141,18
142,12
143,15
144,17
145,20
146,14
147,12
148,13
149,11
150,10
151,18
152,17
153,17
154,11
155,16
156,14
157,15
158,18
159,15
160,13
161,10
162,18
163,13
164,10
165,19
166,10
167,14
168,19
169,13
170,19
171,13
172,11
173,10
174,18
175,15
176,17
177,19
178,16
179,19
180,18
181,19
182,12
183,14
184,11
185,15
186,17
187,12
188,10
189,12
190,19
191,18
192,16
193,11
194,11
195,14
196,20
197,12
198,15
199,10
200,13
201,12
202,11
203,10
204,16
205,12
206,17
207,10
208,11
209,17
210,17
211,15
212,17
213,11
214,13
215,14
216,13
217,10
218,17
219,15
220,19
221,15
222,12
223,12
224,19
225,11
226,19
227,19
228,13
229,19
230,18
231,14
232,13
233,11
234,15
235,20
236,20
237,15
238,16
239,12
240,12
241,17
242,20
243,15
244,12
245,17
246,15
247,15
248,16
249,13
250,17
251,12
252,15
253,16
254,17
255,12
256,18
257,16
258,20
259,10
260,20
261,15
262,13
263,16
264,12
265,10
266,20
267,11
268,10
269,20
270,10
271,11
272,10
273,16
274,15
275,17
276,20
277,11
278,17
279,15
280,16
281,15
282,20
283,14
284,16
285,13
286,10
287,11
288,12
289,10
290,10
291,19
292,12
293,20
294,20
295,13
296,13
297,17
298,14
299,20
300,19
301,10
302,15
303,15
304,13
305,10
306,10
307,18
308,17
309,13
310,17
311,14
312,20
313,17
314,13
315,19
316,20
317,16
318,19
319,15
320,13
321,13
322,20
323,14
324,13
325,19
326,13
327,16
328,14
329,16
330,17
331,14
332,15
333,11
334,16
335,13
336,13
337,18
338,19
339,12
340,10
341,12
342,17
343,11
344,17
345,17
346,13
347,20
348,13
349,11
350,18
351,15
352,12
353,12
354,19
355,12
356,18
357,20
358,20
359,16
360,15
361,15
362,12
363,14
364,15
365,20
366,17
367,20
368,12
369,20
370,15
371,20
372,14
373,13
374,12
375,19
376,15
377,10
378,16
379,14
380,20
381,20
382,12
383,20
384,11
385,19
386,12
387,13
388,20
389,16
390,11
391,10
392,20
393,20
394,11
395,14
396,12
397,15
398,19
399,17
400,12
401,10
402,16
403,20
404,18
405,14
406,10
407,18
408,17
409,20
410,14
411,14
412,10
413,15
414,20
415,10
416,19
417,14
418,17
419,10
420,10
421,11
422,17
423,14
424,18
425,15
426,18
427,14
428,14
429,11
430,12
431,20
432,10
433,19
434,11
435,16
436,19
437,20
438,15
439,18
440,19
441,18
442,20
443,19
444,16
445,19
446,14
447,16
448,20
449,11
450,16
451,13
452,17
453,10
454,10
455,10
456,13
457,13
458,19
459,14
460,11
461,16
462,19
463,15
464,16
465,13
466,20
467,14
468,11
469,14
470,12
471,11
472,11
473,10
474,15
475,10
476,19
477,11
478,15
479,14
480,11
481,18
482,16
483,17
484,16
485,15
486,11
487,12
488,12
489,11
490,10
491,18
492,19
493,17
494,18
495,13
496,13
497,15
498,15
499,12
500,18
501,19
502,18
503,13
504,19
505,19
506,16
507,13
508,14
509,20
510,14
511,10
512,14
513,17
514,17
515,17
516,15
517,14
518,18
519,16
520,16
521,10
522,16
523,11
524,20
525,17
526,19
527,12
528,18
529,13
530,16
531,14
532,10
533,16
534,20
535,13
536,14
537,19
538,17
539,15
540,17
541,16
542,14
543,18
544,16
545,12
546,17
547,14
548,18
549,13
