epoch,loss,lr,score,real:output/self_numbers_val.npz
1,1.9163328685146284,0.0005102270317206009,0.7090464547677262,0.7090464547677262
2,1.0528163177864498,0.0004999964807015319,0.843520782396088,0.843520782396088
3,0.877031504545575,0.0004701336460444602,0.8606356968215159,0.8606356968215159
4,0.7955389428262354,0.00042305783701218554,0.8777506112469438,0.8777506112469438
5,0.7433008859115969,0.00036258285568188653,0.8679706601466992,0.8679706601466992
6,0.7074954598444738,0.0002936080253823814,0.8753056234718827,0.8753056234718827
7,0.6818849639096252,0.00022172127665542554,0.882640586797066,0.882640586797066
8,0.6641816805125758,0.00015274644635592045,0.8850855745721271,0.8850855745721271
9,0.6478413205947523,9.227146502562139e-05,0.8875305623471883,0.8875305623471883
10,0.6399590954963692,4.51956559933467e-05,0.8948655256723717,0.8948655256723717
11,0.6339690021920914,1.5332821336275056e-05,0.8899755501222494,0.8899755501222494
12,0.6344474492065304,5.1022703172060095e-06,0.8875305623471883,0.8875305623471883
