epoch,loss,lr,score,real:output/self_numbers_val.npz,synthetic:m03_qmnist_same_writer/val.npz,synthetic:m04_ligature_strokes/val.npz
1,1.7018913920367678,0.001,0.7701711491442543,0.7701711491442543,0.896,0.8849090909090909
2,0.9909049371899172,0.000997098288791408,0.843520782396088,0.843520782396088,0.9354545454545454,0.9218181818181819
3,0.8498795852621757,0.0009884271750764929,0.8557457212713936,0.8557457212713936,0.9498181818181818,0.9327272727272727
4,0.779552999748836,0.0009740883197354872,0.8581907090464548,0.8581907090464548,0.9570909090909091,0.9425454545454546
5,0.7335556758932198,0.0009542498327371238,0.882640586797066,0.882640586797066,0.9632727272727273,0.9454545454545454
6,0.7029904233422295,0.0009291443022029567,0.8924205378973105,0.8924205378973105,0.9665454545454546,0.9503636363636364
7,0.6805042642923744,0.0008990660675242937,0.902200488997555,0.902200488997555,0.97,0.956
8,0.6614252132230615,0.0008643677685019498,0.8997555012224939,0.8997555012224939,0.9738181818181818,0.958
9,0.6439451332239886,0.0008254562109670047,0.9046454767726161,0.9046454767726161,0.974,0.9614545454545455
10,0.6375112451148074,0.0007827875973543792,0.9046454767726161,0.9046454767726161,0.9752727272727273,0.964
11,0.6239874033110272,0.0007368621781463961,0.9119804400977995,0.9119804400977995,0.9772727272727273,0.9643636363636363
12,0.617033211216669,0.0006882183868932578,0.9095354523227384,0.9095354523227384,0.9765454545454545,0.9627272727272728
13,0.6085619136504106,0.0006374265275719645,0.9095354523227384,0.9095354523227384,0.9770909090909091,0.9681818181818181
14,0.6016040267702416,0.0005850820882936186,0.9144254278728606,0.9144254278728606,0.9770909090909091,0.9663636363636363
15,0.5958966264594786,0.0005317987597497817,0.9193154034229829,0.9193154034229829,0.9770909090909091,0.9674545454545455
16,0.5906102982535492,0.00047820124025021836,0.9168704156479217,0.9168704156479217,0.9790909090909091,0.9685454545454546
17,0.585391572114926,0.0004249179117063815,0.9168704156479217,0.9168704156479217,0.9792727272727273,0.9678181818181818
18,0.5794893445413363,0.0003725734724280358,0.9242053789731052,0.9242053789731052,0.9801818181818182,0.9689090909090909
19,0.57591941651504,0.0003217816131067424,0.9193154034229829,0.9193154034229829,0.9807272727272728,0.9698181818181818
20,0.5739982899015694,0.0002731378218536039,0.9266503667481663,0.9266503667481663,0.9812727272727273,0.9694545454545455
21,0.5704289519109279,0.0002272124026456208,0.9193154034229829,0.9193154034229829,0.9814545454545455,0.9689090909090909
22,0.5683823526744416,0.00018454378903299534,0.9242053789731052,0.9242053789731052,0.9832727272727273,0.9689090909090909
23,0.5670719982884749,0.00014563223149805042,0.9266503667481663,0.9266503667481663,0.9832727272727273,0.9705454545454546
24,0.5660014830297051,0.00011093393247570634,0.9242053789731052,0.9242053789731052,0.9832727272727273,0.9703636363636363
25,0.5632330500658117,8.085569779704341e-05,0.9193154034229829,0.9193154034229829,0.9825454545454545,0.9709090909090909
