trial,score,best_epoch,params,seconds,model.hidden,model.dropout,model.batchnorm,model.activation,train.lr,train.weight_decay,train.batch_size,train.label_smoothing,val_detail
0,0.9095,11,798731,213,"[512, 512, 256]",0.1809360141291611,false,"""gelu""",0.00031163691053601574,0.0027530285650729843,128,0.05,"{""real:output/self_numbers_val.npz"": 0.9095}"
1,0.9071,11,798731,182,"[512, 512, 256]",0.28199073273015396,false,"""relu""",0.001048929370886609,0.006385828802382956,128,0.05,"{""real:output/self_numbers_val.npz"": 0.9071}"
2,0.9144,10,1466379,253,"[1024, 512, 256]",0.35722128297627087,true,"""silu""",0.0016098177110656306,3.3648589334198033e-05,128,0.0,"{""real:output/self_numbers_val.npz"": 0.9144}"
3,0.9193,9,801291,196,"[512, 512, 256]",0.26243836607472754,true,"""gelu""",0.0007939780128071058,1.2160712284471824e-05,128,0.0,"{""real:output/self_numbers_val.npz"": 0.9193}"
4,0.8998,8,536075,123,"[512, 256]",0.29415685347227505,false,"""gelu""",0.0007257696598984974,0.009809114575979527,256,0.05,"{""real:output/self_numbers_val.npz"": 0.8998}"
5,0.9218,8,798731,132,"[512, 512, 256]",0.3056625953442085,false,"""silu""",0.0014640907111786378,0.00014681291844203362,512,0.0,"{""real:output/self_numbers_val.npz"": 0.9218}"
6,0.9218,8,1462795,243,"[1024, 512, 256]",0.2576062967427178,false,"""silu""",0.0009182408587307724,0.004660832579588591,128,0.0,"{""real:output/self_numbers_val.npz"": 0.9218}"
7,0.912,10,798731,149,"[512, 512, 256]",0.20733855901272108,false,"""silu""",0.0006294926241629651,0.0006065967660121742,256,0.0,"{""real:output/self_numbers_val.npz"": 0.912}"
8,0.9242,12,801291,183,"[512, 512, 256]",0.36708230560143773,true,"""gelu""",0.001259819712204475,1.786676934190881e-05,128,0.0,"{""real:output/self_numbers_val.npz"": 0.9242}"
9,0.912,7,801291,116,"[512, 512, 256]",0.33612949224660504,true,"""gelu""",0.0022573842236367774,1.4986634110894917e-05,512,0.0,"{""real:output/self_numbers_val.npz"": 0.912}"
10,0.8949,10,1466379,165,"[1024, 512, 256]",0.2351018099947861,true,"""relu""",0.0005102270317206009,1.4323986505438341e-05,512,0.05,"{""real:output/self_numbers_val.npz"": 0.8949}"
11,0.9242,10,1334283,161,"[1024, 512]",0.1595539133527766,false,"""gelu""",0.0011414414535570357,7.87206005210782e-05,512,0.05,"{""real:output/self_numbers_val.npz"": 0.9242}"
12,0.8802,6,801291,134,"[512, 512, 256]",0.3826339331519494,true,"""gelu""",0.0003824868726375621,0.0007714796141841603,256,0.05,"{""real:output/self_numbers_val.npz"": 0.8802}"
13,0.8973,10,801291,139,"[512, 512, 256]",0.2321131464147352,true,"""relu""",0.0009484557382638914,0.00018866262575944858,512,0.05,"{""real:output/self_numbers_val.npz"": 0.8973}"
14,0.9144,7,1334283,153,"[1024, 512]",0.38468310248132964,false,"""gelu""",0.001717315540613261,0.00031064765992102917,256,0.0,"{""real:output/self_numbers_val.npz"": 0.9144}"
15,0.912,10,1466379,165,"[1024, 512, 256]",0.3357357102141423,true,"""silu""",0.0016278141769186722,0.0013596547178173655,512,0.05,"{""real:output/self_numbers_val.npz"": 0.912}"
16,0.9095,9,537611,99,"[512, 256]",0.3187045351228929,true,"""relu""",0.002786425555984431,1.106926831967968e-05,512,0.0,"{""real:output/self_numbers_val.npz"": 0.9095}"
17,0.8655,7,798731,123,"[512, 512, 256]",0.39435851201990335,false,"""relu""",0.0004225569673180089,0.00827725703202499,256,0.05,"{""real:output/self_numbers_val.npz"": 0.8655}"
18,0.9169,11,1334283,567,"[1024, 512]",0.24399637714234967,false,"""gelu""",0.0019010863056215421,0.0058964480874867395,128,0.05,"{""real:output/self_numbers_val.npz"": 0.9169}"
19,0.9095,11,1334283,327,"[1024, 512]",0.2616803222866561,false,"""silu""",0.0025594023872820768,1.3229155872682778e-05,512,0.05,"{""real:output/self_numbers_val.npz"": 0.9095}"
